Workbook

Sheet etap 4
A2: Tabela parametrów i wskaźników inwestycji
A3: parametr | C3: opis | D3: APK | E3: WPK | F3: projekt budowlany | G3: projekt wykonawczy (sprzedaż) | H3: 4
A4: powierzchnia działki | B4: im | C4: Pd | F4: 15390
A5: współczynnik powierzchni zabudowy | F5: =(682+788+810)/F4 -> 0.14814815
A6: powierzchnia utwardzona (w tym) | F6: =F7+F8 -> 4711.5
A7: powierzchnia chodników | F7: 871.7
A8: powierzchnia dróg | F8: 3839.8
A9: powierzchnia biologicznie czynna (w tym) | F9: =F10+F11+F12 -> 6844
A10: powierzchnia biologicznie czynna 100% | F10: 3834
A11: powierzchnia biologicznie czynna na płycie garażu | F11: 1210
A12: dachy i tarasy zielone | F12: 1800
A13: wskaźnik pow. biologicznie czynnej | F13: =(F10+0.5*(F11+F12))/F4 -> 0.34691358
A14: suma powierzchni użytkowej mieszkań i usług | C14: PUM+PUU | D14: =D17+D20 -> 0 | F14: =F17+F20 -> 8682.46
A15: suma lokali mieszkalnych i usługowych | C15: il.m. + il.u. | D15: =D16+D19 -> 0 | F15: =F16+F19 -> 162
A16: ilość lokali mieszkalnych | B16: im | C16: il.m. | F16: 160
A17: powierzchnia użytkowa lokali mieszkalnych | B17: Pum | C17: PUM | F17: 8619.19
A18: średnia wielkość lokalu mieszkalnego | B18: śrm | C18: PUM/il.m. | D18: =IFERROR(D17/D16,"Brak danych") -> Brak danych | F18: =IFERROR(F17/F16,"Brak danych") -> 53.869938
A19: ilość lokali usługowych | B19: iu | C19: il.u. | F19: 2
A20: powierzchnia lokali usługowych | B20: Puu | C20: PUU | F20: 63.27
A21: powierzchnia części wspólnych | B21: imp | F21: 1071.01
A22: powierzchnia części wspólnych (bez powierzchni klatek schodowych, w tym podestów, spoczników, pionowych ciągów komunikacyjnych oraz szybów windowych) | B22: imp | F22: 390.99 | I22: h. garaz | J22: 2539.34
A23: suma miejsc parkingowych zewn. i miejsc postojowych w garażu | C23: impz+impg | D23: =D26+D27 -> 0 | F23: =F26+F27 -> 196
A24: wymagana ilość miejsc parkingowych | F24: 193
A25: ilość miejsc parkingowych zewnętrznych w sprzedaży | B25: imp | F25: 86
A26: ilość miejsc parkingowych zewnętrznych (wszystkich) | B26: imp | C26: impz | F26: 91
A27: ilość miejsc postojowych w garażu | C27: impg | F27: 105
A28: w tym tzw. Miejsca rodzinne (zależne) | F28: 0
A29: powierzchnia miejsc postojowych w garażu | F29: =F27*12.5+5.5 -> 1318
A30: sumaryczna ilość komórek lokatorskich i boksów | C30: ik/b/g+ik | D30: =D31+D36 -> 0 | F30: =F31+F36 -> 89
A31: ilość komórek lokatorskich/boksów w garażu (w tym): | C31: ik/b/g | F31: =F32+F33 -> 89
A32: ilość komórek lokatorskich tradycyjnych | F32: 79
A33: ilość boksów na jednoślady | F33: 10
A34: powierzchnia komórek lokatorskich/boksów w garażu | F34: =173.37+19.97 -> 193.34
A35: powierzchnia wspólna hali garażowej (w tym również pomieszczenia techniczne) | F35: 1770.13
A36: ilość komórek lokatorskich na kondygnacjach naziemnych | C36: ik | F36: 0
A37: ilość klatek schodowych | C37: iks | F37: 3
A38: wysokość budynku | F38: 15,10 i 17,99
A39: wysokość parteru netto | F39: 258
A40: wysokość kondygnacji mieszkalnych netto | F40: 258
A41: Ilość kondygnacji nadziemnych (bez garażu) | F41: 3 i 4
A42: Ilość kondygnacji podziemnych (garaż) | F42: 1
A43: Ilość wind | C43: iw | F43: 3
A44: powierzchnia całkowita (bez balkonów i loggi) | C44: Pc | F44: =F47+F49 -> 12794.83
A45: powierzchnia całkowita balkonów i loggi | F45: 1144.76
A46: powierzchnia całkowita (z uwzględnieniem balkonów i loggii) | C46: Pcb | D46: =D45+D44 -> 0 | F46: =F45+F44 -> 13939.59
A47: powierzchnia całkowita nadziemia (bez balkonów i loggi) | C47: Pcn | F47: =F17+F21 -> 9690.2
A48: powierzchnia całkowita nadziemia (z uwzględnieniem balkonów i loggii) | C48: Pcnb | D48: =D47+D45 -> 0 | F48: =F47+F45 -> 10834.96
A49: powierzchnia całkowita części podziemnej (garażu) | C49: Pcg | F49: 3104.63
A50: powierzchnia elewacji | C50: Pe | F50: 4360.77
A51: wskaźnik (PUM + PUU) / Pcn | D51: =IFERROR(D14/D47,"Brak danych") -> Brak danych | F51: =IFERROR(F14/F47,"Brak danych") -> 0.89600421
A52: wskaźnik (PUM + PUU) / Pcnb | D52: =IFERROR(D14/D48,"Brak danych") -> Brak danych | F52: =IFERROR(F14/F48,"Brak danych") -> 0.80133752
A53: wskaźnik (PUM + PUU) / Pc | D53: =IFERROR(D14/D44,"Brak danych") -> Brak danych | F53: =IFERROR(F14/F44,"Brak danych") -> 0.67859127
A54: wskaźnik (PUM + PUU) / Pcb | D54: =IFERROR(D14/D46,"Brak danych") -> Brak danych | F54: =IFERROR(F14/F46,"Brak danych") -> 0.62286337
A55: wskaźnik Pcg / impg | D55: =IFERROR(D49/D27,"Brak danych") -> Brak danych | F55: =IFERROR(F49/F27,"Brak danych") -> 29.567905
A56: wskaźnik (PUM + PUU) / Pd | D56: =IFERROR(D14/D4,"Brak danych") -> Brak danych | F56: =IFERROR(F14/F4,"Brak danych") -> 0.56416244
A57: wskaźnik (PUM + PUU) /klatkę schodową | D57: =IFERROR(D14/D37,"Brak danych") -> Brak danych | F57: =IFERROR(F14/F37,"Brak danych") -> 2894.1533
A58: wskaźnik Pcg / impg | D58: =IFERROR(D49/D27,"Brak danych") -> Brak danych | F58: =IFERROR(F49/F27,"Brak danych") -> 29.567905
A59: wskaźnik il.m./ iw | D59: =IFERROR(D16/D43,"Brak danych") -> Brak danych | F59: =IFERROR(F16/F43,"Brak danych") -> 53.333333
A60: wskaźnik Pc/Pcg | D60: =IFERROR(D44/D49,"Brak danych") -> Brak danych | F60: =IFERROR(F44/F49,"Brak danych") -> 4.1212093
A61: wskaźnik il.m./iks | D61: =IFERROR(D16/D37,"Brak danych") -> Brak danych | F61: =IFERROR(F16/F37,"Brak danych") -> 53.333333
A62: wskaźnik Pe/(PUM+PUU) | D62: =IFERROR(D50/D14,"Brak danych") -> Brak danych | F62: =IFERROR(F50/F14,"Brak danych") -> 0.50225051
A65: Przez powierzchnie użytkową lokalu należy rozumieć powierzchnię wszystkich pomieszczeń znajdujących się w lokalu. Obmiar powierzchni dokonuje się w świetle wyprawionych ścian.

Sheet etap 5
A2: Tabela parametrów i wskaźników inwestycji
A3: parametr | C3: opis | D3: APK | E3: WPK | F3: projekt budowlany | G3: projekt wykonawczy (sprzedaż) | H3: 5
A4: powierzchnia działki | B4: im | C4: Pd | F4: 8579
A5: współczynnik powierzchni zabudowy | F5: =(784+882)/F4 -> 0.19419513
A6: powierzchnia utwardzona (w tym) | F6: =F7+F8 -> 2188
A7: powierzchnia chodników | F7: 838
A8: powierzchnia dróg | F8: 1350
A9: powierzchnia biologicznie czynna (w tym) | F9: =F10+F11+F12 -> 6871
A10: powierzchnia biologicznie czynna 100% | F10: 4630
A11: powierzchnia biologicznie czynna na płycie garażu | F11: 900
A12: dachy i tarasy zielone | F12: 1341
A13: wskaźnik pow. biologicznie czynnej | F13: =(F10+0.5*(F11+F12))/F4 -> 0.67029957
A14: suma powierzchni użytkowej mieszkań i usług | C14: PUM+PUU | D14: =D17+D20 -> 0 | F14: =F17+F20 -> 6234.93
A15: suma lokali mieszkalnych i usługowych | C15: il.m. + il.u. | D15: =D16+D19 -> 0 | F15: =F16+F19 -> 114
A16: ilość lokali mieszkalnych | B16: im | C16: il.m. | F16: 114
A17: powierzchnia użytkowa lokali mieszkalnych | B17: Pum | C17: PUM | F17: 6234.93
A18: średnia wielkość lokalu mieszkalnego | B18: śrm | C18: PUM/il.m. | D18: =IFERROR(D17/D16,"Brak danych") -> Brak danych | F18: =IFERROR(F17/F16,"Brak danych") -> 54.692368
A19: ilość lokali usługowych | B19: iu | C19: il.u. | F19: 0
A20: powierzchnia lokali usługowych | B20: Puu | C20: PUU | F20: 0
A21: powierzchnia części wspólnych | B21: imp | F21: 744.46
A22: powierzchnia części wspólnych (bez powierzchni klatek schodowych, w tym podestów, spoczników, pionowych ciągów komunikacyjnych oraz szybów windowych) | B22: imp | F22: 254.78 | I22: h. garaz | J22: 2311.21
A23: suma miejsc parkingowych zewn. i miejsc postojowych w garażu | C23: impz+impg | D23: =D26+D27 -> 0 | F23: =F26+F27 -> 137
A24: wymagana ilość miejsc parkingowych | F24: 137
A25: ilość miejsc parkingowych zewnętrznych w sprzedaży | B25: imp | F25: 40
A26: ilość miejsc parkingowych zewnętrznych (wszystkich) | B26: imp | C26: impz | F26: 43
A27: ilość miejsc postojowych w garażu | C27: impg | F27: 94
A28: w tym tzw. Miejsca rodzinne (zależne) | F28: 0
A29: powierzchnia miejsc postojowych w garażu | F29: =F27*12.5+5.5 -> 1180.5
A30: sumaryczna ilość komórek lokatorskich i boksów | C30: ik/b/g+ik | D30: =D31+D36 -> 0 | F30: =F31+F36 -> 28
A31: ilość komórek lokatorskich/boksów w garażu (w tym): | C31: ik/b/g | F31: =F32+F33 -> 28
A32: ilość komórek lokatorskich tradycyjnych | F32: 21
A33: ilość boksów na jednoślady | F33: 7
A34: powierzchnia komórek lokatorskich/boksów w garażu | F34: 60.78
A35: powierzchnia wspólna hali garażowej (w tym również pomieszczenia techniczne) | F35: 1417.34
A36: ilość komórek lokatorskich na kondygnacjach naziemnych | C36: ik | F36: 0
A37: ilość klatek schodowych | C37: iks | F37: 2
A38: wysokość budynku | F38: 15,10 i 17,99
A39: wysokość parteru netto | F39: 258
A40: wysokość kondygnacji mieszkalnych netto | F40: 258
A41: Ilość kondygnacji nadziemnych (bez garażu) | F41: 3 i 4
A42: Ilość kondygnacji podziemnych (garaż) | F42: 1
A43: Ilość wind | C43: iw | F43: 2
A44: powierzchnia całkowita (bez balkonów i loggi) | C44: Pc | F44: =F47+F49 -> 9582.73
A45: powierzchnia całkowita balkonów i loggi | F45: 835.96
A46: powierzchnia całkowita (z uwzględnieniem balkonów i loggii) | C46: Pcb | D46: =D45+D44 -> 0 | F46: =F45+F44 -> 10418.69
A47: powierzchnia całkowita nadziemia (bez balkonów i loggi) | C47: Pcn | F47: =F17+F21 -> 6979.39
A48: powierzchnia całkowita nadziemia (z uwzględnieniem balkonów i loggii) | C48: Pcnb | D48: =D47+D45 -> 0 | F48: =F47+F45 -> 7815.35
A49: powierzchnia całkowita części podziemnej (garażu) | C49: Pcg | F49: 2603.34
A50: powierzchnia elewacji | C50: Pe | F50: 3099.17
A51: wskaźnik (PUM + PUU) / Pcn | D51: =IFERROR(D14/D47,"Brak danych") -> Brak danych | F51: =IFERROR(F14/F47,"Brak danych") -> 0.89333452
A52: wskaźnik (PUM + PUU) / Pcnb | D52: =IFERROR(D14/D48,"Brak danych") -> Brak danych | F52: =IFERROR(F14/F48,"Brak danych") -> 0.79778001
A53: wskaźnik (PUM + PUU) / Pc | D53: =IFERROR(D14/D44,"Brak danych") -> Brak danych | F53: =IFERROR(F14/F44,"Brak danych") -> 0.65064235
A54: wskaźnik (PUM + PUU) / Pcb | D54: =IFERROR(D14/D46,"Brak danych") -> Brak danych | F54: =IFERROR(F14/F46,"Brak danych") -> 0.59843704
A55: wskaźnik Pcg / impg | D55: =IFERROR(D49/D27,"Brak danych") -> Brak danych | F55: =IFERROR(F49/F27,"Brak danych") -> 27.695106
A56: wskaźnik (PUM + PUU) / Pd | D56: =IFERROR(D14/D4,"Brak danych") -> Brak danych | F56: =IFERROR(F14/F4,"Brak danych") -> 0.72676652
A57: wskaźnik (PUM + PUU) /klatkę schodową | D57: =IFERROR(D14/D37,"Brak danych") -> Brak danych | F57: =IFERROR(F14/F37,"Brak danych") -> 3117.465
A58: wskaźnik Pcg / impg | D58: =IFERROR(D49/D27,"Brak danych") -> Brak danych | F58: =IFERROR(F49/F27,"Brak danych") -> 27.695106
A59: wskaźnik il.m./ iw | D59: =IFERROR(D16/D43,"Brak danych") -> Brak danych | F59: =IFERROR(F16/F43,"Brak danych") -> 57
A60: wskaźnik Pc/Pcg | D60: =IFERROR(D44/D49,"Brak danych") -> Brak danych | F60: =IFERROR(F44/F49,"Brak danych") -> 3.6809368
A61: wskaźnik il.m./iks | D61: =IFERROR(D16/D37,"Brak danych") -> Brak danych | F61: =IFERROR(F16/F37,"Brak danych") -> 57
A62: wskaźnik Pe/(PUM+PUU) | D62: =IFERROR(D50/D14,"Brak danych") -> Brak danych | F62: =IFERROR(F50/F14,"Brak danych") -> 0.49706572
A65: Przez powierzchnie użytkową lokalu należy rozumieć powierzchnię wszystkich pomieszczeń znajdujących się w lokalu. Obmiar powierzchni dokonuje się w świetle wyprawionych ścian.

Sheet etap 6
A2: Tabela parametrów i wskaźników inwestycji
A3: parametr | C3: opis | D3: APK | E3: WPK | F3: projekt budowlany | G3: projekt wykonawczy (sprzedaż) | H3: 6
A4: powierzchnia działki | B4: im | C4: Pd | F4: 12437
A5: współczynnik powierzchni zabudowy | F5: =(682+788+916)/F4 -> 0.19184691
A6: powierzchnia utwardzona (w tym) | F6: =F7+F8 -> 3401.4
A7: powierzchnia chodników | F7: 1126
A8: powierzchnia dróg | F8: 2275.4
A9: powierzchnia biologicznie czynna (w tym) | F9: =F10+F11+F12 -> 7880
A10: powierzchnia biologicznie czynna 100% | F10: 5215
A11: powierzchnia biologicznie czynna na płycie garażu | F11: 807
A12: dachy i tarasy zielone | F12: 1858
A13: wskaźnik pow. biologicznie czynnej | F13: =(F10+0.5*(F11+F12))/F4 -> 0.52645332
A14: suma powierzchni użytkowej mieszkań i usług | C14: PUM+PUU | D14: =D17+D20 -> 0 | F14: =F17+F20 -> 9205.47
A15: suma lokali mieszkalnych i usługowych | C15: il.m. + il.u. | D15: =D16+D19 -> 0 | F15: =F16+F19 -> 171
A16: ilość lokali mieszkalnych | B16: im | C16: il.m. | F16: 171
A17: powierzchnia użytkowa lokali mieszkalnych | B17: Pum | C17: PUM | F17: 9205.47
A18: średnia wielkość lokalu mieszkalnego | B18: śrm | C18: PUM/il.m. | D18: =IFERROR(D17/D16,"Brak danych") -> Brak danych | F18: =IFERROR(F17/F16,"Brak danych") -> 53.833158
A19: ilość lokali usługowych | B19: iu | C19: il.u. | F19: 0
A20: powierzchnia lokali usługowych | B20: Puu | C20: PUU | F20: 0
A21: powierzchnia części wspólnych | B21: imp | F21: 1055.77
A22: powierzchnia części wspólnych (bez powierzchni klatek schodowych, w tym podestów, spoczników, pionowych ciągów komunikacyjnych oraz szybów windowych) | B22: imp | F22: 390.99 | I22: h. garaz | J22: 2701
A23: suma miejsc parkingowych zewn. i miejsc postojowych w garażu | C23: impz+impg | D23: =D26+D27 -> 0 | F23: =F26+F27 -> 211
A24: wymagana ilość miejsc parkingowych | F24: 206
A25: ilość miejsc parkingowych zewnętrznych w sprzedaży | B25: imp | F25: 98
A26: ilość miejsc parkingowych zewnętrznych (wszystkich) | B26: imp | C26: impz | F26: 100
A27: ilość miejsc postojowych w garażu | C27: impg | F27: 111
A28: w tym tzw. Miejsca rodzinne (zależne) | F28: 0
A29: powierzchnia miejsc postojowych w garażu | F29: =F27*12.5+5.5 -> 1393
A30: sumaryczna ilość komórek lokatorskich i boksów | C30: ik/b/g+ik | D30: =D31+D36 -> 0 | F30: =F31+F36 -> 90
A31: ilość komórek lokatorskich/boksów w garażu (w tym): | C31: ik/b/g | F31: =F32+F33 -> 90
A32: ilość komórek lokatorskich tradycyjnych | F32: 75
A33: ilość boksów na jednoślady | F33: 15
A34: powierzchnia komórek lokatorskich/boksów w garażu | F34: 218.5
A35: powierzchnia wspólna hali garażowej (w tym również pomieszczenia techniczne) | F35: 1860.16
A36: ilość komórek lokatorskich na kondygnacjach naziemnych | C36: ik | F36: 0
A37: ilość klatek schodowych | C37: iks | F37: 3
A38: wysokość budynku | F38: 15,10 i 17,99
A39: wysokość parteru netto | F39: 258
A40: wysokość kondygnacji mieszkalnych netto | F40: 258
A41: Ilość kondygnacji nadziemnych (bez garażu) | F41: 3 i 4
A42: Ilość kondygnacji podziemnych (garaż) | F42: 1
A43: Ilość wind | C43: iw | F43: 3
A44: powierzchnia całkowita (bez balkonów i loggi) | C44: Pc | F44: =F47+F49 -> 13519.9
A45: powierzchnia całkowita balkonów i loggi | F45: 1222.36
A46: powierzchnia całkowita (z uwzględnieniem balkonów i loggii) | C46: Pcb | D46: =D45+D44 -> 0 | F46: =F45+F44 -> 14742.26
A47: powierzchnia całkowita nadziemia (bez balkonów i loggi) | C47: Pcn | F47: =F17+F21 -> 10261.24
A48: powierzchnia całkowita nadziemia (z uwzględnieniem balkonów i loggii) | C48: Pcnb | D48: =D47+D45 -> 0 | F48: =F47+F45 -> 11483.6
A49: powierzchnia całkowita części podziemnej (garażu) | C49: Pcg | F49: 3258.66
A50: powierzchnia elewacji | C50: Pe | F50: 4534.37
A51: wskaźnik (PUM + PUU) / Pcn | D51: =IFERROR(D14/D47,"Brak danych") -> Brak danych | F51: =IFERROR(F14/F47,"Brak danych") -> 0.89711088
A52: wskaźnik (PUM + PUU) / Pcnb | D52: =IFERROR(D14/D48,"Brak danych") -> Brak danych | F52: =IFERROR(F14/F48,"Brak danych") -> 0.80161883
A53: wskaźnik (PUM + PUU) / Pc | D53: =IFERROR(D14/D44,"Brak danych") -> Brak danych | F53: =IFERROR(F14/F44,"Brak danych") -> 0.68088299
A54: wskaźnik (PUM + PUU) / Pcb | D54: =IFERROR(D14/D46,"Brak danych") -> Brak danych | F54: =IFERROR(F14/F46,"Brak danych") -> 0.62442733
A55: wskaźnik Pcg / impg | D55: =IFERROR(D49/D27,"Brak danych") -> Brak danych | F55: =IFERROR(F49/F27,"Brak danych") -> 29.357297
A56: wskaźnik (PUM + PUU) / Pd | D56: =IFERROR(D14/D4,"Brak danych") -> Brak danych | F56: =IFERROR(F14/F4,"Brak danych") -> 0.74016805
A57: wskaźnik (PUM + PUU) /klatkę schodową | D57: =IFERROR(D14/D37,"Brak danych") -> Brak danych | F57: =IFERROR(F14/F37,"Brak danych") -> 3068.49
A58: wskaźnik Pcg / impg | D58: =IFERROR(D49/D27,"Brak danych") -> Brak danych | F58: =IFERROR(F49/F27,"Brak danych") -> 29.357297
A59: wskaźnik il.m./ iw | D59: =IFERROR(D16/D43,"Brak danych") -> Brak danych | F59: =IFERROR(F16/F43,"Brak danych") -> 57
A60: wskaźnik Pc/Pcg | D60: =IFERROR(D44/D49,"Brak danych") -> Brak danych | F60: =IFERROR(F44/F49,"Brak danych") -> 4.148914
A61: wskaźnik il.m./iks | D61: =IFERROR(D16/D37,"Brak danych") -> Brak danych | F61: =IFERROR(F16/F37,"Brak danych") -> 57
A62: wskaźnik Pe/(PUM+PUU) | D62: =IFERROR(D50/D14,"Brak danych") -> Brak danych | F62: =IFERROR(F50/F14,"Brak danych") -> 0.49257344
A65: Przez powierzchnie użytkową lokalu należy rozumieć powierzchnię wszystkich pomieszczeń znajdujących się w lokalu. Obmiar powierzchni dokonuje się w świetle wyprawionych ścian.

Sheet zest
A4: powierzchnia działki | B4: im
A5: współczynnik powierzchni zabudowy
A6: powierzchnia utwardzona (w tym)
A7: powierzchnia chodników
A8: powierzchnia dróg
A9: powierzchnia biologicznie czynna (w tym)
A10: powierzchnia biologicznie czynna 100%
A11: powierzchnia biologicznie czynna na płycie garażu
A12: dachy i tarasy zielone
A13: wskaźnik pow. biologicznie czynnej
A14: suma powierzchni użytkowej mieszkań i usług
A15: suma lokali mieszkalnych i usługowych
A16: ilość lokali mieszkalnych | B16: im
A17: powierzchnia użytkowa lokali mieszkalnych | B17: Pum
A18: średnia wielkość lokalu mieszkalnego | B18: śrm
A19: ilość lokali usługowych | B19: iu
A20: powierzchnia lokali usługowych | B20: Puu
A21: powierzchnia części wspólnych | B21: imp
A22: powierzchnia części wspólnych (bez powierzchni klatek schodowych, w tym podestów, spoczników, pionowych ciągów komunikacyjnych oraz szybów windowych) | B22: imp
A23: suma miejsc parkingowych zewn. i miejsc postojowych w garażu
A24: wymagana ilość miejsc parkingowych
A25: ilość miejsc parkingowych zewnętrznych w sprzedaży | B25: imp
A26: ilość miejsc parkingowych zewnętrznych (wszystkich) | B26: imp
A27: ilość miejsc postojowych w garażu
A28: w tym tzw. Miejsca rodzinne (zależne)
A29: powierzchnia miejsc postojowych w garażu
A30: sumaryczna ilość komórek lokatorskich i boksów
A31: ilość komórek lokatorskich/boksów w garażu (w tym):
A32: ilość komórek lokatorskich tradycyjnych
A33: ilość boksów na jednoślady
A34: powierzchnia komórek lokatorskich/boksów w garażu
A35: powierzchnia wspólna hali garażowej (w tym również pomieszczenia techniczne)
A36: ilość komórek lokatorskich na kondygnacjach naziemnych
A37: ilość klatek schodowych
A38: wysokość budynku
... A43: Ilość wind
A44: powierzchnia całkowita (bez balkonów i loggi) | C44: ='etap 4'!F44 -> 12794.83 | D44: ='etap 5'!F44 -> 9582.73 | E44: ='etap 6'!F44 -> 13519.9
A45: powierzchnia całkowita balkonów i loggi | C45: ='etap 4'!F45 -> 1144.76 | D45: ='etap 5'!F45 -> 835.96 | E45: ='etap 6'!F45 -> 1222.36
A46: powierzchnia całkowita (z uwzględnieniem balkonów i loggii) | C46: ='etap 4'!F46 -> 13939.59 | D46: ='etap 5'!F46 -> 10418.69 | E46: ='etap 6'!F46 -> 14742.26
A47: powierzchnia całkowita nadziemia (bez balkonów i loggi) | C47: ='etap 4'!F47 -> 9690.2 | D47: ='etap 5'!F47 -> 6979.39 | E47: ='etap 6'!F47 -> 10261.24
A48: powierzchnia całkowita nadziemia (z uwzględnieniem balkonów i loggii) | C48: ='etap 4'!F48 -> 10834.96 | D48: ='etap 5'!F48 -> 7815.35 | E48: ='etap 6'!F48 -> 11483.6
A49: powierzchnia całkowita części podziemnej (garażu) | C49: ='etap 4'!F49 -> 3104.63 | D49: ='etap 5'!F49 -> 2603.34 | E49: ='etap 6'!F49 -> 3258.66
A50: powierzchnia elewacji | C50: ='etap 4'!F50 -> 4360.77 | D50: ='etap 5'!F50 -> 3099.17 | E50: ='etap 6'!F50 -> 4534.37
A51: wskaźnik (PUM + PUU) / Pcn | C51: ='etap 4'!F51 -> 0.89600421 | D51: ='etap 5'!F51 -> 0.89333452 | E51: ='etap 6'!F51 -> 0.89711088
A52: wskaźnik (PUM + PUU) / Pcnb | C52: ='etap 4'!F52 -> 0.80133752 | D52: ='etap 5'!F52 -> 0.79778001 | E52: ='etap 6'!F52 -> 0.80161883
A53: wskaźnik (PUM + PUU) / Pc | C53: ='etap 4'!F53 -> 0.67859127 | D53: ='etap 5'!F53 -> 0.65064235 | E53: ='etap 6'!F53 -> 0.68088299
A54: wskaźnik (PUM + PUU) / Pcb | C54: ='etap 4'!F54 -> 0.62286337 | D54: ='etap 5'!F54 -> 0.59843704 | E54: ='etap 6'!F54 -> 0.62442733
A55: wskaźnik Pcg / impg | C55: ='etap 4'!F55 -> 29.567905 | D55: ='etap 5'!F55 -> 27.695106 | E55: ='etap 6'!F55 -> 29.357297
... A62: wskaźnik Pe/(PUM+PUU) | C62: ='etap 4'!F62 -> 0.50225051 | D62: ='etap 5'!F62 -> 0.49706572 | E62: ='etap 6'!F62 -> 0.49257344
C63: 4 | D63: 5 | E63: 6
